{"cameraMode":{"drawMode":0,"name":"Shaded","section":"Shading Mode"},"sceneLighting":false,"audioPlay":false,"sceneViewState":{"showFog":true,"showMaterialUpdate":false,"showSkybox":true,"showFlares":true,"showImageEffects":true,"showParticleSystems":true},"in2DMode":false,"pivot":{"x":-0.582115888595581,"y":0.14945201575756074,"z":-3.0941386222839357},"rotation":{"x":-0.09015659987926483,"y":0.7011273503303528,"z":-0.09010222554206848,"w":-0.7015510201454163},"size":0.5591905117034912,"orthographic":false}