{"cameraMode":{"drawMode":0,"name":"Shaded","section":"Shading Mode"},"sceneLighting":false,"audioPlay":false,"sceneViewState":{"showFog":true,"showMaterialUpdate":false,"showSkybox":true,"showFlares":true,"showImageEffects":true,"showParticleSystems":true},"in2DMode":false,"pivot":{"x":0.2764365077018738,"y":0.5117583274841309,"z":-3.7398414611816408},"rotation":{"x":-0.14424118399620057,"y":0.8380658030509949,"z":-0.26643332839012148,"w":-0.45371076464653017},"size":7.579014301300049,"orthographic":false}